850025717007,Single Fabric Jersey Black Small,2.
850025717014,Single Fabric Jersey Black Medium,3.
850025717021,Single Fabric Jersey Black Large,4.
850025717038,Single Fabric Jersey Black X Large,4.
850025717045,Single Fabric Jersey Black 2X Large,6.
850025717052,Single Fabric Jersey Black 3X Large,7.
850025717069,Single Fabric Jersey Orange Small,8
850025717076,Single Fabric Jersey Orange Medium,9
850025717083,Single Fabric Jersey Orange Large,10
850025717090,Single Fabric Jersey Orange X Large,11
850025717106,Single Fabric Jersey Orange 2X Large,12
850025717113,Single Fabric Jersey Orange 3X Large,13
850025717120,Single Fabric Jersey White Small,14
850025717137,Single Fabric Jersey White Medium,15
850025717144,Single Fabric Jersey White Large,16
850025717151,Single Fabric Jersey White X Large,17
850025717168,Single Fabric Jersey White 2X Large,18
850025717175,Single Fabric Jersey White 3X Large,19
850025717182,Dry-fit Polo Dark Grey Small,20
850025717199,Dry-fit Polo Dark Grey Medium,21
850025717205,Dry-fit Polo Dark Grey Large,22
850025717212,Dry-fit Polo Dark Grey X Large,23
850025717229,Dry-fit Polo Dark Grey 2X Large,24
850025717236,Dry-fit Polo Dark Grey 3X Large,25
850025717243,Dry-fit Polo Orange Small,26
850025717250,Dry-fit Polo Orange Medium,27
850025717267,Dry-fit Polo Orange Large,28
850025717274,Dry-fit Polo Orange X Large,29
850025717281,Dry-fit Polo Orange 2X Large,30
850025717298,Dry-fit Polo Orange 3X Large,31
850025717304,Cotton Shirt Orange / Gray Logo Small,32
850025717311,Cotton Shirt Orange / Gray Logo Medium,33
850025717328,Cotton Shirt Orange / Gray Logo Large,34
850025717335,Cotton Shirt Orange / Gray Logo X Large,35
850025717342,Cotton Shirt Orange / Gray Logo 2X Large,36
850025717359,Cotton Shirt Orange / Gray Logo 3X Large,37
850025717366,Dry-fit Shirt Orange / White Logo Small,38
850025717373,Dry-fit Shirt Orange / White Logo Medium,39
850025717380,Dry-fit Shirt Orange / White Logo Large,40
850025717397,Dry-fit Shirt Orange / White Logo X Large,41
850025717403,Dry-fit Shirt Orange / White Logo 2X Large,42
850025717410,Dry-fit Shirt Orange / White Logo 3X Large,43
850025717427,Two-Color shorts Black / Orange Small,44
850025717434,Two-Color shorts Black / Orange Medium,45
850025717441,Two-Color shorts Black / Orange Large,46
850025717458,Two-Color shorts Black / Orange X Large,47
850025717465,Two-Color shorts Black / Orange 2X Large,48
850025717472,Two-Color shorts Black / Orange 3X Large,49
850025717489,Hat Orange Z Logo Small / Medium,50
850025717496,Hat Orange Z Logo Large / X Large,51
850025717502,Hat Agui Logo Small / Medium,52
850025717519,Hat Agui Logo Large / x Large,53
